<?xml version="1.0" encoding="UTF-8"?>
<project-private xmlns="http://www.netbeans.org/ns/project-private/1">
    <editor-bookmarks xmlns="http://www.netbeans.org/ns/editor-bookmarks/2" lastBookmarkId="0"/>
    <open-files xmlns="http://www.netbeans.org/ns/projectui-open-files/2">
        <group>
            <file>file:/C:/Users/TREMAINE/Documents/NetBeansProjects/Schoolregister/src/info/view.java</file>
            <file>file:/C:/Users/TREMAINE/Documents/NetBeansProjects/Schoolregister/src/info/studentInfo.java</file>
            <file>file:/C:/Users/TREMAINE/Documents/NetBeansProjects/Schoolregister/src/info/reg.java</file>
            <file>file:/C:/Users/TREMAINE/Documents/NetBeansProjects/Schoolregister/src/info/register.java</file>
            <file>file:/C:/Users/TREMAINE/Documents/NetBeansProjects/Schoolregister/src/info/student.java</file>
        </group>
    </open-files>
</project-private>
